{
  "n_sentences_attempted": 5497,
  "n_sentences_ok": 5487,
  "model": "gpt2",
  "k_max": 20,
  "current_default_k": 10,
  "mean_cumulative_impact_by_k": {
    "1": 0.004854355317681175,
    "2": 0.005027930006990455,
    "3": 0.005097359326534504,
    "4": 0.005150165055127055,
    "5": 0.005189454488161593,
    "6": 0.005218813680920289,
    "7": 0.005238729562180625,
    "8": 0.005255935001790426,
    "9": 0.0052710505637267435,
    "10": 0.005284266511403691,
    "11": 0.005296040834875647,
    "12": 0.005306562200712771,
    "13": 0.005315743075795397,
    "14": 0.005323918102129531,
    "15": 0.005331174161061794,
    "16": 0.005337695106904712,
    "17": 0.005343512746182778,
    "18": 0.005348672626968809,
    "19": 0.005353222687170113,
    "20": 0.005357031377260859
  },
  "elbow_recommendation": 1
}