{
  "n_sentences_attempted": 5497,
  "n_sentences_ok": 5438,
  "model": "bert-base-uncased",
  "k_max": 20,
  "current_default_k": 10,
  "mean_cumulative_impact_by_k": {
    "1": 0.015900520738673235,
    "2": 0.026386334993419247,
    "3": 0.03384806628435927,
    "4": 0.03916170845666586,
    "5": 0.04305060913169064,
    "6": 0.04616094990309743,
    "7": 0.0487795980943832,
    "8": 0.05103585859483198,
    "9": 0.05302727473444165,
    "10": 0.05480698518298838,
    "11": 0.05641899371068238,
    "12": 0.057891434926502665,
    "13": 0.05923132265740872,
    "14": 0.06045034100308757,
    "15": 0.061560104276029974,
    "16": 0.06256213411551795,
    "17": 0.06345375463689851,
    "18": 0.0642285595903856,
    "19": 0.06487561887833686,
    "20": 0.06536632324676822
  },
  "elbow_recommendation": 5
}